Date,Price,Open,High,Low,Vol.,Change %
01/03/2022,399.93,382.58,400.36,378.68,104.69M,13.53%
01/04/2022,383.2,396.52,402.67,374.35,100.25M,-4.18%
01/05/2022,362.71,382.22,390.11,360.34,80.12M,-5.35%
01/06/2022,354.9,359,362.67,340.17,90.34M,-2.15%
01/07/2022,342.32,360.12,360.31,336.67,84.16M,-3.54%
01/10/2022,352.71,333.33,353.03,326.67,91.81M,3.04%
01/11/2022,354.8,351.22,358.62,346.27,66.06M,0.59%
01/12/2022,368.74,359.62,371.61,357.53,83.74M,3.93%
01/13/2022,343.85,369.69,371.87,342.18,97.21M,-6.75%
01/14/2022,349.87,339.96,350.67,337.79,72.92M,1.75%
01/18/2022,343.5,342.2,356.93,338.69,66.99M,-1.82%
01/19/2022,331.88,347.23,351.56,331.67,75.44M,-3.38%
01/20/2022,332.09,336.58,347.22,331.33,70.49M,0.06%
01/21/2022,314.63,332.11,334.85,313.5,103.42M,-5.26%
01/24/2022,310,301.59,311.17,283.82,152.38M,-1.47%
01/25/2022,306.13,304.73,317.09,301.07,86.60M,-1.25%
01/26/2022,312.47,317.48,329.23,302,104.87M,2.07%
01/27/2022,276.37,311.12,311.8,276.33,147.11M,-11.55%
01/28/2022,282.12,277.19,285.83,264,134.79M,2.08%
01/31/2022,312.24,290.9,312.66,287.35,104.44M,10.68%
02/01/2022,310.42,311.74,314.57,301.67,73.14M,-0.58%
02/02/2022,301.89,309.39,310.5,296.47,66.79M,-2.75%
02/03/2022,297.05,294,312.33,293.51,78.86M,-1.60%
02/04/2022,307.77,299.07,312.17,293.72,73.63M,3.61%
02/07/2022,302.45,307.93,315.92,300.9,60.99M,-1.73%
02/08/2022,307.33,301.84,308.76,298.27,50.73M,1.61%
02/09/2022,310.67,311.67,315.42,306.67,52.26M,1.09%
02/10/2022,301.52,302.79,314.6,298.9,66.13M,-2.95%
02/11/2022,286.67,303.21,305.32,283.57,79.65M,-4.93%
02/14/2022,291.92,287.19,299.63,284.38,67.76M,1.83%
02/15/2022,307.48,300,307.67,297.79,57.65M,5.33%
02/16/2022,307.8,304.68,308.81,300.4,51.29M,0.10%
02/17/2022,292.12,304.42,306.17,291.37,55.18M,-5.09%
02/18/2022,285.66,295.33,295.62,279.2,68.50M,-2.21%
02/22/2022,273.84,278.04,285.58,267.03,83.29M,-4.14%
02/23/2022,254.68,276.81,278.43,253.52,95.26M,-7.00%
02/24/2022,266.92,233.46,267.49,233.33,135.32M,4.81%
02/25/2022,269.96,269.74,273.17,260.8,76.07M,1.14%
02/28/2022,290.14,271.67,292.29,271.57,99.01M,7.48%
03/01/2022,288.12,289.89,296.63,284.59,74.77M,-0.70%
03/02/2022,293.3,290.71,295.49,281.42,74.64M,1.80%
03/03/2022,279.76,292.92,295.48,277.53,61.62M,-4.62%
03/04/2022,279.43,283.03,285.22,275.05,67.18M,-0.12%
03/07/2022,268.19,285.43,288.71,268.19,72.49M,-4.02%
03/08/2022,274.8,265.18,283.33,260.72,80.40M,2.46%
03/09/2022,286.32,279.83,286.85,277.34,59.18M,4.19%
03/10/2022,279.43,283.82,284.82,270.12,58.65M,-2.41%
03/11/2022,265.12,280.07,281.27,264.59,67.04M,-5.12%
03/14/2022,255.46,260.2,266.9,252.01,71.15M,-3.64%
03/15/2022,267.3,258.42,268.52,252.19,66.84M,4.63%
03/16/2022,280.08,269.67,280.67,267.42,84.03M,4.78%
03/17/2022,290.53,277,291.67,275.24,66.58M,3.73%
03/18/2022,301.8,291.5,302.62,289.13,100.41M,3.88%
03/21/2022,307.05,304.99,314.28,302.36,81.98M,1.74%
03/22/2022,331.33,310,332.62,307.25,105.87M,7.91%
03/23/2022,333.04,326.65,346.9,325.47,120.68M,0.52%
03/24/2022,337.97,336.58,341.5,329.6,68.92M,1.48%
03/25/2022,336.88,336,340.6,332.44,62.03M,-0.32%
03/28/2022,363.95,355.03,365.96,351.2,102.51M,8.04%
03/29/2022,366.52,369.33,371.59,357.7,73.61M,0.71%
03/30/2022,364.66,363.72,371.32,361.33,59.87M,-0.51%
03/31/2022,359.2,364.86,367.71,358.88,48.99M,-1.50%
04/01/2022,361.53,360.38,364.92,355.55,54.26M,0.65%
04/04/2022,381.82,363.13,383.3,357.51,82.18M,5.61%
04/05/2022,363.75,378.77,384.29,362.43,80.08M,-4.73%
04/06/2022,348.59,357.82,359.67,342.57,89.35M,-4.17%
04/07/2022,352.42,350.8,358.86,340.51,79.45M,1.10%
04/08/2022,341.83,347.74,349.48,340.81,55.01M,-3.00%
04/11/2022,325.31,326.8,336.16,324.88,59.36M,-4.83%
04/12/2022,328.98,332.55,340.4,325.53,65.98M,1.13%
04/13/2022,340.79,327.02,342.08,324.37,55.12M,3.59%
04/14/2022,328.33,333.1,337.57,327.4,58.42M,-3.66%
04/18/2022,334.76,329.68,338.31,324.47,51.72M,1.96%
04/19/2022,342.72,335.02,344.98,331.77,49.85M,2.38%
04/20/2022,325.73,343.33,344.67,325.08,70.71M,-4.96%
04/21/2022,336.26,358.24,364.07,332.14,105.42M,3.23%
04/22/2022,335.02,338.3,344.95,331.33,69.70M,-0.37%
04/25/2022,332.67,326.32,336.21,325.1,68.34M,-0.70%
04/26/2022,292.14,331.81,333.33,291.67,136.13M,-12.18%
04/27/2022,293.84,299.53,306,292.45,76.96M,0.58%
04/28/2022,292.5,299.99,300,273.9,124.95M,-0.45%
04/29/2022,290.25,300.75,311.47,290,88.13M,-0.77%
05/02/2022,300.98,286.92,302.12,282.68,75.78M,3.70%
05/03/2022,303.08,301.06,308.03,296.2,63.71M,0.70%
05/04/2022,317.54,301.31,318.5,295.09,81.64M,4.77%
05/05/2022,291.09,313.07,315.2,285.9,92.52M,-8.33%
05/06/2022,288.55,295.67,296,281.03,72.90M,-0.87%
05/09/2022,262.37,278.82,281.88,260.38,90.81M,-9.07%
05/10/2022,266.68,273.1,275.12,258.08,84.40M,1.64%
05/11/2022,244.67,265,269.92,242.4,97.23M,-8.25%
05/12/2022,242.67,233.67,253.22,226.67,140.31M,-0.82%
05/13/2022,256.53,257.83,262.45,250.52,92.15M,5.71%
05/16/2022,241.46,255.72,256.59,239.7,86.10M,-5.88%
05/17/2022,253.87,249.12,254.83,242.95,80.24M,5.14%
05/18/2022,236.6,248.17,253.5,233.6,87.81M,-6.80%
05/19/2022,236.47,235.67,244.67,231.37,90.30M,-0.05%
05/20/2022,221.3,238,240.53,211,144.97M,-6.42%
05/23/2022,224.97,218.34,226.65,212.69,88.90M,1.66%
05/24/2022,209.39,217.84,217.97,206.86,89.09M,-6.93%
05/25/2022,219.6,207.95,223.11,207.67,92.14M,4.88%
05/26/2022,235.91,220.47,239.56,217.89,106.00M,7.43%
05/27/2022,253.21,241.08,253.27,240.18,89.30M,7.33%
05/31/2022,252.75,257.95,259.6,244.74,101.91M,-0.18%
06/01/2022,246.79,251.72,257.33,243.64,77.25M,-2.36%
06/02/2022,258.33,244.16,264.21,242.07,93.47M,4.68%
06/03/2022,234.52,243.22,247.8,233.42,112.39M,-9.22%
06/06/2022,238.28,244.35,244.87,234.35,84.21M,1.60%
06/07/2022,238.89,234,240,230.09,72.81M,0.25%
06/08/2022,241.87,240.09,249.96,239.18,76.21M,1.25%
06/09/2022,239.71,249.34,255.55,239.33,96.49M,-0.89%
06/10/2022,232.23,235.16,239.5,227.91,98.09M,-3.12%
06/13/2022,215.74,223.17,226.63,214.68,102.77M,-7.10%
06/14/2022,220.89,218.29,226.33,211.74,97.99M,2.39%
06/15/2022,233,220.92,235.66,218.15,119.13M,5.48%
06/16/2022,213.1,222.74,225.17,208.69,107.39M,-8.54%
06/17/2022,216.76,213.43,220.97,213.2,92.64M,1.72%
06/21/2022,237.04,224.6,243.58,224.33,122.79M,9.35%
06/22/2022,236.09,234.5,246.83,233.83,101.53M,-0.40%
06/23/2022,235.07,237.9,239.32,228.64,104.20M,-0.43%
06/24/2022,245.71,237.47,246.07,236.09,95.77M,4.52%
06/27/2022,244.92,249.37,252.07,242.57,89.18M,-0.32%
06/28/2022,232.66,244.48,249.97,232.34,90.67M,-5.00%
06/29/2022,228.49,230.5,231.17,222.27,82.90M,-1.79%
06/30/2022,224.47,224.51,229.46,218.86,94.60M,-1.76%
07/01/2022,227.26,227,230.23,222.12,74.46M,1.24%
07/05/2022,233.07,223,233.15,216.17,84.78M,2.55%
07/06/2022,231.73,230.78,234.56,227.19,71.85M,-0.57%
07/07/2022,244.54,233.92,245.36,232.21,81.93M,5.53%
07/08/2022,250.76,242.33,254.98,241.16,101.85M,2.54%
07/11/2022,234.34,252.1,253.06,233.63,99.51M,-6.55%
07/12/2022,233.07,236.85,239.77,228.37,87.93M,-0.54%
07/13/2022,237.04,225.5,242.06,225.03,97.96M,1.70%
07/14/2022,238.31,234.9,238.65,229.33,78.56M,0.54%
07/15/2022,240.07,240,243.62,236.89,69.68M,0.74%
07/18/2022,240.55,244.94,250.52,239.6,82.54M,0.20%
07/19/2022,245.53,245,247.14,236.98,80.89M,2.07%
07/20/2022,247.5,246.78,250.66,243.48,88.86M,0.80%
07/21/2022,271.71,255.11,273.27,254.87,142.03M,9.78%
07/22/2022,272.24,276.22,280.79,270.71,103.47M,0.20%
07/25/2022,268.43,272.22,274.15,267.4,64.07M,-1.40%
07/26/2022,258.86,266.51,267.31,256.26,66.82M,-3.57%
07/27/2022,274.82,263.81,275.93,261.79,88.11M,6.17%
07/28/2022,280.9,280.07,283.3,272.8,84.72M,2.21%
07/29/2022,297.15,280.7,298.32,279.1,95.31M,5.78%
08/01/2022,297.28,301.27,311.88,295,117.04M,0.04%
08/02/2022,300.59,294,307.83,292.67,95.58M,1.11%
08/03/2022,307.4,305,309.55,301.15,80.09M,2.27%
08/04/2022,308.63,311,313.61,305,72.26M,0.40%
08/05/2022,288.17,302.67,304.61,285.54,113.17M,-6.63%
08/08/2022,290.42,295,305.2,289.09,99.37M,0.78%
08/09/2022,283.33,290.29,292.4,279.35,86.25M,-2.44%
08/10/2022,294.36,297.07,297.51,283.37,94.92M,3.89%
08/11/2022,286.63,296.51,298.24,285.83,70.16M,-2.62%
08/12/2022,300.03,289.41,300.16,285.03,79.66M,4.68%
08/15/2022,309.32,301.79,313.13,301.23,89.36M,3.10%
08/16/2022,306.56,311.67,314.67,302.88,88.14M,-0.89%
08/17/2022,304,303.4,309.66,300.03,68.77M,-0.84%
08/18/2022,302.87,306,306.5,301.85,47.50M,-0.37%
08/19/2022,296.67,299,300.36,292.5,61.40M,-2.05%
08/22/2022,289.91,291.91,292.4,286.3,55.84M,-2.28%
08/23/2022,296.45,291.45,298.83,287.92,63.99M,2.26%
08/24/2022,297.1,297.56,303.65,296.5,57.26M,0.22%
08/25/2022,296.07,302.36,302.96,291.6,53.23M,-0.35%
08/26/2022,288.09,297.43,302,287.47,57.16M,-2.70%
08/29/2022,284.82,282.83,287.74,280.7,41.87M,-1.14%
08/30/2022,277.7,287.86,288.48,272.65,50.54M,-2.50%
08/31/2022,275.61,280.62,281.25,271.81,52.11M,-0.75%
09/01/2022,277.16,272.58,277.58,266.15,54.29M,0.56%
09/02/2022,270.21,281.07,282.35,269.08,50.89M,-2.51%
09/06/2022,274.42,272.67,275.99,265.74,55.86M,1.56%
09/07/2022,283.7,273.1,283.84,272.27,50.03M,3.38%
09/08/2022,289.26,281.3,289.5,279.76,53.71M,1.96%
09/09/2022,299.68,291.67,299.85,291.24,54.47M,3.60%
09/12/2022,304.42,300.72,305.49,300.4,48.68M,1.58%
09/13/2022,292.13,292.9,297.4,290.4,68.23M,-4.04%
09/14/2022,302.61,292.24,306,291.64,72.63M,3.59%
09/15/2022,303.75,301.83,309.12,300.72,64.80M,0.38%
09/16/2022,303.35,299.61,303.71,295.6,87.09M,-0.13%
09/19/2022,309.07,300.09,309.84,297.8,60.23M,1.89%
09/20/2022,308.73,306.91,313.33,305.58,61.64M,-0.11%
09/21/2022,300.8,308.29,313.8,300.63,62.56M,-2.57%
09/22/2022,288.59,299.86,301.29,285.82,70.55M,-4.06%
09/23/2022,275.33,283.09,284.5,272.82,63.75M,-4.59%
09/26/2022,276.01,271.83,284.09,270.31,58.08M,0.25%
09/27/2022,282.94,283.84,288.67,277.51,61.93M,2.51%
09/28/2022,287.81,283.08,289,277.57,54.67M,1.72%
09/29/2022,268.21,282.76,283.65,265.78,77.62M,-6.81%
09/30/2022,265.25,266.14,275.57,262.47,67.73M,-1.10%
10/03/2022,242.4,254.5,255.16,241.01,98.36M,-8.61%
10/04/2022,249.44,250.52,257.5,242.01,109.58M,2.90%
10/05/2022,240.81,245.01,246.67,233.27,86.98M,-3.46%
10/06/2022,238.13,239.44,244.58,235.35,69.30M,-1.11%
10/07/2022,223.07,233.93,234.57,222.02,83.92M,-6.32%
10/10/2022,222.96,223.93,226.99,218.36,67.93M,-0.05%
10/11/2022,216.5,220.95,225.75,215,77.01M,-2.90%
10/12/2022,217.24,215.33,219.3,211.51,66.86M,0.34%
10/13/2022,221.72,208.3,222.99,206.22,91.48M,2.06%
10/14/2022,204.99,224.01,226.26,204.16,94.13M,-7.55%
10/17/2022,219.35,210.04,221.86,209.45,79.43M,7.01%
10/18/2022,220.19,229.5,229.82,217.25,75.89M,0.38%
10/19/2022,222.04,219.8,222.93,217.78,66.57M,0.84%
10/20/2022,207.28,208.28,215.55,202,117.80M,-6.65%
10/21/2022,214.44,206.41,214.66,203.8,75.71M,3.45%
10/24/2022,211.25,205.82,213.5,198.59,100.45M,-1.49%
10/25/2022,222.41,210.1,224.35,210,96.51M,5.29%
10/26/2022,224.64,219.4,230.6,218.2,85.33M,1.00%
10/27/2022,225.09,229.77,233.81,222.85,61.64M,0.20%
10/28/2022,228.52,225.4,228.86,216.35,69.15M,1.52%
10/31/2022,227.54,226.19,229.85,221.94,61.55M,-0.43%
11/01/2022,227.82,234.05,237.4,227.28,62.69M,0.12%
11/02/2022,214.98,226.04,227.87,214.82,63.07M,-5.64%
11/03/2022,215.31,211.36,221.2,210.14,56.54M,0.15%
11/04/2022,207.47,222.6,223.8,203.08,98.62M,-3.64%
11/07/2022,197.08,208.65,208.9,196.66,93.92M,-5.01%
11/08/2022,191.3,194.02,195.2,186.75,128.80M,-2.93%
11/09/2022,177.59,190.77,195.89,177.12,127.06M,-7.17%
11/10/2022,190.72,189.9,191,180.03,132.70M,7.39%
11/11/2022,195.97,186,196.52,182.59,114.40M,2.75%
11/14/2022,190.95,192.77,195.73,186.34,92.23M,-2.56%
11/15/2022,194.42,195.88,200.82,192.06,91.29M,1.82%
11/16/2022,186.92,191.51,192.57,185.66,66.57M,-3.86%
11/17/2022,183.17,183.96,186.16,180.9,64.34M,-2.01%
11/18/2022,180.19,185.05,185.19,176.55,76.05M,-1.63%
11/21/2022,167.87,175.85,176.77,167.54,92.88M,-6.84%
11/22/2022,169.91,168.63,170.92,166.18,78.45M,1.22%
11/23/2022,183.2,173.57,183.62,172.5,109.54M,7.82%
11/25/2022,182.86,185.06,185.2,180.63,50.67M,-0.19%
11/28/2022,182.92,179.96,188.5,179,93.04M,0.03%
11/29/2022,180.83,184.99,186.38,178.75,83.36M,-1.14%
11/30/2022,194.7,182.43,194.76,180.63,109.19M,7.67%
12/01/2022,194.7,197.08,198.92,191.8,80.05M,0.00%
12/02/2022,194.86,191.78,196.25,191.11,73.65M,0.08%
12/05/2022,182.45,189.44,191.27,180.55,93.12M,-6.37%
12/06/2022,179.82,181.21,183.65,175.33,92.15M,-1.44%
12/07/2022,174.04,175.03,179.38,172.22,84.21M,-3.21%
12/08/2022,173.44,172.2,175.2,169.06,97.62M,-0.34%
12/09/2022,179.05,173.84,182.5,173.36,104.87M,3.23%
12/12/2022,167.82,176.1,177.37,167.52,109.79M,-6.27%
12/13/2022,160.95,174.87,175.05,156.91,175.86M,-4.09%
12/14/2022,156.8,159.25,161.62,155.31,140.68M,-2.58%
12/15/2022,157.67,153.44,160.93,153.28,122.33M,0.55%
12/16/2022,150.23,159.63,160.99,150.04,139.03M,-4.72%
12/19/2022,149.87,154,155.25,145.82,139.39M,-0.24%
12/20/2022,137.8,146.05,148.47,137.66,159.56M,-8.05%
12/21/2022,137.57,139.34,141.26,135.89,145.42M,-0.17%
12/22/2022,125.35,136,136.63,122.26,210.09M,-8.88%
12/23/2022,123.15,126.37,128.62,121.02,166.99M,-1.76%
12/27/2022,109.1,117.5,119.67,108.76,208.64M,-11.41%
12/28/2022,112.71,110.35,116.27,108.24,221.07M,3.31%
12/29/2022,121.82,120.39,123.57,117.5,221.92M,8.08%
12/30/2022,123.18,119.95,124.48,119.75,157.78M,1.12%
01/03/2023,108.1,118.47,118.8,104.64,231.40M,-12.24%
01/04/2023,113.64,109.11,114.59,107.52,180.39M,5.12%
01/05/2023,110.34,110.51,111.75,107.16,157.99M,-2.90%
01/06/2023,113.06,103,114.39,101.81,220.91M,2.47%
01/09/2023,119.77,118.96,123.52,117.11,190.28M,5.93%
01/10/2023,118.85,121.07,122.76,114.92,167.64M,-0.77%
01/11/2023,123.22,122.09,125.95,120.51,183.81M,3.68%
01/12/2023,123.56,122.56,124.13,117,169.40M,0.28%
01/13/2023,122.4,116.55,122.63,115.6,180.71M,-0.94%
01/17/2023,131.49,125.69,131.7,125.02,186.48M,7.43%
01/18/2023,128.78,136.55,136.68,127.01,195.68M,-2.06%
01/19/2023,127.17,127.26,129.99,124.31,170.29M,-1.25%
01/20/2023,133.42,128.68,133.51,127.35,138.86M,4.91%
01/23/2023,143.75,135.87,145.38,134.27,203.12M,7.74%
01/24/2023,143.89,143,146.5,141.1,158.70M,0.10%
01/25/2023,144.43,141.9,146.41,138.07,192.73M,0.38%
01/26/2023,160.27,159.96,161.42,154.76,234.82M,10.97%
01/27/2023,177.9,162.43,180.68,161.17,306.59M,11.00%
01/30/2023,166.66,178.05,179.77,166.5,230.88M,-6.32%
01/31/2023,173.22,164.57,174.3,162.78,196.81M,3.94%
02/01/2023,181.41,173.89,183.8,169.93,213.81M,4.73%
02/02/2023,188.27,187.32,196.75,182.61,217.45M,3.78%
02/03/2023,189.98,183.95,199,183.69,232.66M,0.91%
02/06/2023,194.76,193.01,198.17,189.92,186.19M,2.52%
02/07/2023,196.81,196.43,197.5,189.55,186.01M,1.05%
02/08/2023,201.29,196.1,203,194.31,180.67M,2.28%
02/09/2023,207.32,207.77,214,204.77,215.43M,3.00%
02/10/2023,196.89,202.23,206.2,192.89,204.75M,-5.03%
02/13/2023,194.64,194.41,196.3,187.61,172.48M,-1.14%
02/14/2023,209.25,191.94,209.82,189.44,216.46M,7.51%
02/15/2023,214.24,211.76,214.66,206.11,182.11M,2.38%
02/16/2023,202.04,210.78,217.65,201.84,229.59M,-5.69%
02/17/2023,208.31,199.99,208.44,197.5,213.74M,3.10%
02/21/2023,197.37,204.99,209.71,197.22,180.02M,-5.25%
02/22/2023,200.86,197.93,201.99,191.78,191.83M,1.77%
02/23/2023,202.07,203.91,205.14,196.33,146.36M,0.60%
02/24/2023,196.88,196.32,197.67,192.8,142.23M,-2.57%
02/27/2023,207.63,202.03,209.42,201.26,161.03M,5.46%
02/28/2023,205.71,210.59,211.23,203.75,153.14M,-0.92%
03/01/2023,202.77,206.21,207.2,198.52,156.85M,-1.43%
03/02/2023,190.9,186.74,193.75,186.01,181.98M,-5.85%
03/03/2023,197.79,194.79,200.48,192.88,154.19M,3.61%
03/06/2023,193.81,198.54,198.6,192.3,128.10M,-2.01%
03/07/2023,187.71,191.38,194.2,186.1,148.13M,-3.15%
03/08/2023,182,185.04,186.5,180,151.90M,-3.04%
03/09/2023,172.92,180.25,185.18,172.51,170.02M,-4.99%
03/10/2023,173.44,175.13,178.29,168.44,191.49M,0.30%
03/13/2023,174.48,167.46,177.35,163.91,167.79M,0.60%
03/14/2023,183.26,177.31,183.8,177.14,143.72M,5.03%
03/15/2023,180.45,180.8,182.34,176.03,146.00M,-1.53%
03/16/2023,184.13,180.37,185.81,178.84,121.37M,2.04%
03/17/2023,180.13,184.51,186.22,177.33,133.20M,-2.17%
03/20/2023,183.25,178.08,186.44,176.35,129.68M,1.73%
03/21/2023,197.58,188.28,198,188.04,153.39M,7.82%
03/22/2023,191.15,199.3,200.66,190.95,150.38M,-3.25%
03/23/2023,192.22,195.26,199.31,188.65,144.19M,0.56%
03/24/2023,190.41,191.65,192.36,187.15,116.53M,-0.94%
03/27/2023,191.81,194.41,197.39,189.94,120.85M,0.74%
03/28/2023,189.19,192,192.35,185.43,98.66M,-1.37%
03/29/2023,193.88,193.13,195.29,189.44,123.66M,2.48%
03/30/2023,195.28,195.58,197.33,194.42,110.25M,0.72%
03/31/2023,207.46,197.53,207.79,197.2,170.22M,6.24%
04/03/2023,194.77,199.91,202.69,192.2,169.55M,-6.12%
04/04/2023,192.58,197.32,198.74,190.32,126.46M,-1.12%
04/05/2023,185.52,190.51,190.68,183.76,133.88M,-3.67%
04/06/2023,185.06,183.08,186.39,179.74,123.86M,-0.25%
04/10/2023,184.51,179.94,185.1,176.11,142.16M,-0.30%
04/11/2023,186.79,186.69,189.19,185.65,115.77M,1.24%
04/12/2023,180.54,190.74,191.58,180.31,150.26M,-3.35%
04/13/2023,185.9,182.96,186.5,180.94,112.93M,2.97%
04/14/2023,185,183.95,186.28,182.01,96.44M,-0.48%
04/17/2023,187.04,186.32,189.69,182.69,116.66M,1.10%
04/18/2023,184.31,187.15,187.69,183.58,92.07M,-1.46%
04/19/2023,180.59,179.1,183.5,177.65,125.73M,-2.02%
04/20/2023,162.99,166.16,169.7,160.56,210.97M,-9.75%
04/21/2023,165.08,164.8,166,161.32,123.54M,1.28%
04/24/2023,162.55,164.65,165.65,158.61,140.01M,-1.53%
04/25/2023,160.67,159.82,163.47,158.75,122.00M,-1.16%
04/26/2023,153.75,160.29,160.67,153.14,153.36M,-4.31%
04/27/2023,160.19,152.64,160.48,152.37,127.02M,4.19%
04/28/2023,164.31,160.9,165,157.32,122.52M,2.57%
05/01/2023,161.83,163.17,163.28,158.83,109.02M,-1.51%
05/02/2023,160.31,161.88,165.49,158.93,128.26M,-0.94%
05/03/2023,160.61,160.01,165,159.91,119.73M,0.19%
05/04/2023,161.2,162.71,162.95,159.65,95.11M,0.37%
05/05/2023,170.06,163.97,170.79,163.51,107.61M,5.50%
05/08/2023,171.79,173.72,173.8,169.19,112.25M,1.02%
05/09/2023,169.15,168.95,169.82,166.56,88.97M,-1.54%
05/10/2023,168.54,172.55,174.43,166.68,119.84M,-0.36%
05/11/2023,172.08,168.7,173.57,166.79,103.89M,2.10%
05/12/2023,167.98,176.07,177.38,167.23,157.85M,-2.38%
05/15/2023,166.35,167.65,169.76,164.55,105.59M,-0.97%
05/16/2023,166.52,165.65,169.52,164.35,98.29M,0.10%
05/17/2023,173.86,168.41,174.5,167.18,125.47M,4.41%
05/18/2023,176.89,174.22,177.06,172.45,109.52M,1.74%
05/19/2023,180.14,177.17,181.95,176.31,136.20M,1.84%
05/22/2023,188.87,180.7,189.32,180.11,132.00M,4.85%
05/23/2023,185.77,186.2,192.96,185.26,156.95M,-1.64%
05/24/2023,182.9,182.23,184.22,178.22,137.60M,-1.54%
05/25/2023,184.47,186.54,186.78,180.58,96.87M,0.86%
05/26/2023,193.17,184.62,198.6,184.53,162.06M,4.72%
05/30/2023,201.16,200.1,204.48,197.53,128.82M,4.14%
05/31/2023,203.93,199.78,203.95,195.12,150.71M,1.38%
06/01/2023,207.52,202.59,209.8,199.37,148.03M,1.76%
06/02/2023,213.97,210.15,217.25,209.75,164.40M,3.11%
06/05/2023,217.61,217.8,221.29,214.52,151.14M,1.70%
06/06/2023,221.31,216.14,221.91,212.53,146.91M,1.70%
06/07/2023,224.57,228,230.83,223.2,185.71M,1.47%
06/08/2023,234.86,224.22,235.23,223.01,164.49M,4.58%
06/09/2023,244.4,249.07,252.42,242.02,200.24M,4.06%
06/12/2023,249.83,247.94,250.97,244.59,150.74M,2.22%
06/13/2023,258.71,253.51,259.68,251.34,162.38M,3.55%
06/14/2023,256.79,260.17,261.57,250.5,170.58M,-0.74%
06/15/2023,255.9,248.4,258.95,247.29,160.17M,-0.35%
06/16/2023,260.54,258.92,263.6,257.21,167.92M,1.81%
06/20/2023,274.45,261.5,274.75,261.12,165.61M,5.34%
06/21/2023,259.46,275.13,276.99,257.78,211.80M,-5.46%
06/22/2023,264.61,250.77,265,248.25,166.88M,1.98%
06/23/2023,256.6,259.29,262.45,252.8,177.46M,-3.03%
06/26/2023,241.05,250.07,258.37,240.7,179.99M,-6.06%
06/27/2023,250.21,243.24,250.39,240.85,164.97M,3.80%
06/28/2023,256.24,249.7,259.88,248.89,159.77M,2.41%
06/29/2023,257.5,258.03,260.74,253.61,131.28M,0.49%
06/30/2023,261.77,260.6,264.45,259.89,112.62M,1.66%
07/03/2023,279.82,276.49,284.25,275.11,119.69M,6.90%
07/05/2023,282.48,278.82,283.85,277.6,131.53M,0.95%
07/06/2023,276.54,278.09,279.97,272.88,120.71M,-2.10%
07/07/2023,274.43,278.43,280.78,273.77,113.88M,-0.76%
07/10/2023,269.61,276.47,277.52,265.1,119.43M,-1.76%
07/11/2023,269.79,268.65,270.9,266.37,91.97M,0.07%
07/12/2023,271.99,276.33,276.52,271.46,95.67M,0.82%
07/13/2023,277.9,274.59,279.45,270.6,112.68M,2.17%
07/14/2023,281.38,277.01,285.3,276.31,120.06M,1.25%
07/17/2023,290.38,286.63,292.23,283.57,131.57M,3.20%
07/18/2023,293.34,290.15,295.26,286.01,112.44M,1.02%
07/19/2023,291.26,296.04,299.29,289.52,142.36M,-0.71%
07/20/2023,262.9,279.56,280.93,261.2,175.16M,-9.74%
07/21/2023,260.02,268,268,255.8,161.80M,-1.10%
07/24/2023,269.06,255.85,269.85,254.12,137.00M,3.48%
07/25/2023,265.28,272.38,272.9,265,112.76M,-1.40%
07/26/2023,264.35,263.25,268.04,261.75,95.86M,-0.35%
07/27/2023,255.71,268.31,269.13,255.3,103.70M,-3.27%
07/28/2023,266.44,259.86,267.25,258.23,111.45M,4.20%
07/31/2023,267.43,267.48,269.08,263.78,84.58M,0.37%
08/01/2023,261.07,266.26,266.47,260.25,83.65M,-2.38%
08/02/2023,254.11,255.57,259.52,250.49,101.75M,-2.67%
08/03/2023,259.32,252.04,260.49,252,97.83M,2.05%
08/04/2023,253.86,260.97,264.77,253.11,99.54M,-2.11%
08/07/2023,251.45,251.45,253.65,242.76,111.10M,-0.95%
08/08/2023,249.7,247.45,250.92,245.01,96.64M,-0.70%
08/09/2023,242.19,250.87,251.1,241.9,101.60M,-3.01%
08/10/2023,245.34,245.4,251.8,243,109.50M,1.30%
08/11/2023,242.65,241.77,243.79,238.02,99.04M,-1.10%
08/14/2023,239.76,235.7,240.66,233.75,98.60M,-1.19%
08/15/2023,232.96,238.73,240.5,232.61,88.20M,-2.84%
08/16/2023,225.6,228.02,233.97,225.38,112.49M,-3.16%
08/17/2023,219.22,226.06,226.74,218.83,120.72M,-2.83%
08/18/2023,215.49,214.12,217.58,212.36,136.28M,-1.70%
08/21/2023,231.28,221.55,232.13,220.58,135.70M,7.33%
08/22/2023,233.19,240.25,240.82,229.55,130.60M,0.83%
08/23/2023,236.86,229.34,238.98,229.29,101.08M,1.57%
08/24/2023,230.04,238.66,238.92,228.18,99.78M,-2.88%
08/25/2023,238.59,231.31,239,230.35,106.61M,3.72%
08/28/2023,238.82,242.58,244.38,235.35,107.67M,0.10%
08/29/2023,257.18,238.58,257.48,237.77,134.05M,7.69%
08/30/2023,256.9,254.2,260.51,250.59,121.99M,-0.11%
08/31/2023,258.08,255.98,261.18,255.05,108.86M,0.46%
09/01/2023,245.01,257.26,259.08,242.01,132.54M,-5.06%
09/05/2023,256.49,245,258,244.86,129.47M,4.69%
09/06/2023,251.92,255.13,255.39,245.06,116.96M,-1.78%
09/07/2023,251.49,245.07,252.81,243.26,115.31M,-0.17%
09/08/2023,248.5,251.22,256.52,246.67,118.56M,-1.19%
09/11/2023,273.58,264.27,274.85,260.61,174.67M,10.09%
09/12/2023,267.48,270.76,278.39,266.6,136.00M,-2.23%
09/13/2023,271.3,270.07,274.98,268.1,111.67M,1.43%
09/14/2023,276.04,271.32,276.71,270.42,107.71M,1.75%
09/15/2023,274.39,277.55,278.98,271,133.69M,-0.60%
09/18/2023,265.28,271.16,271.44,263.76,101.54M,-3.32%
09/19/2023,266.5,264.35,267.85,261.2,103.70M,0.46%
09/20/2023,262.59,267.04,273.93,262.46,122.52M,-1.47%
09/21/2023,255.7,257.85,260.86,254.21,119.95M,-2.62%
09/22/2023,244.88,257.4,257.79,244.48,127.52M,-4.23%
09/25/2023,246.99,243.38,247.1,238.31,104.64M,0.86%
09/26/2023,244.12,242.98,249.55,241.66,101.99M,-1.16%
09/27/2023,240.5,244.26,245.33,234.58,136.60M,-1.48%
09/28/2023,246.38,240.02,247.55,238.65,117.06M,2.44%
09/29/2023,250.22,250,254.77,246.35,128.52M,1.56%
10/02/2023,251.6,244.81,254.28,242.62,123.81M,0.55%
10/03/2023,246.53,248.61,250.02,244.45,101.99M,-2.02%
10/04/2023,261.16,248.14,261.86,247.6,129.72M,5.93%
10/05/2023,260.05,260,263.6,256.25,119.16M,-0.43%
10/06/2023,260.53,253.98,261.65,250.65,118.12M,0.18%
10/09/2023,259.67,255.31,261.36,252.05,101.38M,-0.33%
10/10/2023,263.62,257.75,268.94,257.65,122.66M,1.52%
10/11/2023,262.99,266.2,268.6,260.9,103.71M,-0.24%
10/12/2023,258.87,262.92,265.41,256.63,111.51M,-1.57%
10/13/2023,251.12,258.9,259.6,250.22,102.30M,-2.99%
10/16/2023,253.92,250.05,255.4,248.48,88.92M,1.12%
10/17/2023,254.85,250.1,257.18,247.08,93.56M,0.37%
10/18/2023,242.68,252.7,254.63,242.08,125.15M,-4.78%
10/19/2023,220.11,225.95,230.61,216.78,170.77M,-9.30%
10/20/2023,211.99,217.01,218.86,210.42,138.01M,-3.69%
10/23/2023,212.08,210,216.98,202.51,150.68M,0.04%
10/24/2023,216.52,216.5,222.05,214.11,118.23M,2.09%
10/25/2023,212.42,215.88,220.1,212.2,107.07M,-1.89%
10/26/2023,205.76,211.32,214.8,204.88,115.11M,-3.14%
10/27/2023,207.3,210.6,212.41,205.77,94.88M,0.75%
10/30/2023,197.36,209.28,210.88,194.67,136.45M,-4.79%
10/31/2023,200.84,196.12,202.8,194.07,118.07M,1.76%
11/01/2023,205.66,204.04,205.99,197.85,121.66M,2.40%
11/02/2023,218.51,212.97,219.2,211.45,125.99M,6.25%
11/03/2023,219.96,221.15,226.37,218.4,119.54M,0.66%
11/06/2023,219.27,223.98,226.32,215,117.34M,-0.31%
11/07/2023,222.18,219.98,223.12,215.72,116.90M,1.33%
11/08/2023,222.11,223.15,224.15,217.64,106.59M,-0.03%
11/09/2023,209.98,219.75,220.8,206.68,142.11M,-5.46%
11/10/2023,214.65,210.03,215.38,205.69,131.31M,2.22%
11/13/2023,223.71,215.6,225.4,211.61,140.45M,4.22%
11/14/2023,237.41,235.03,238.13,230.72,149.77M,6.12%
11/15/2023,242.84,239.29,246.7,236.45,150.35M,2.29%
11/16/2023,233.59,239.49,240.88,230.96,136.82M,-3.81%
11/17/2023,234.3,232,237.39,226.54,142.77M,0.30%
11/20/2023,235.6,234.04,237.1,231.02,116.56M,0.55%
11/21/2023,241.2,235.04,243.62,233.34,122.29M,2.38%
11/22/2023,234.21,242.04,244.01,231.4,118.12M,-2.90%
11/24/2023,235.45,233.75,238.75,232.33,65.13M,0.53%
11/27/2023,236.08,236.89,238.33,232.1,112.03M,0.27%
11/28/2023,246.72,236.68,247,234.01,148.55M,4.51%
11/29/2023,244.14,249.21,252.75,242.76,135.40M,-1.05%
11/30/2023,240.08,245.14,245.22,236.91,132.35M,-1.66%
12/01/2023,238.83,233.14,240.19,231.9,121.33M,-0.52%
12/04/2023,235.58,235.75,239.37,233.29,104.10M,-1.36%
12/05/2023,238.72,233.87,246.66,233.7,137.97M,1.33%
12/06/2023,239.37,242.92,246.57,239.17,126.44M,0.27%
12/07/2023,242.64,241.55,244.08,236.98,107.14M,1.37%
12/08/2023,243.84,240.27,245.27,239.27,103.13M,0.49%
12/11/2023,239.74,242.74,243.44,237.45,97.91M,-1.68%
12/12/2023,237.01,238.55,238.99,233.87,95.33M,-1.14%
12/13/2023,239.29,234.19,240.3,228.2,146.29M,0.96%
12/14/2023,251.05,241.22,253.88,240.79,160.83M,4.91%
12/15/2023,253.5,251.21,254.13,248.3,135.93M,0.98%
12/18/2023,252.08,253.78,258.74,251.36,116.42M,-0.56%
12/19/2023,257.22,253.48,258.34,253.01,106.74M,2.04%
12/20/2023,247.14,256.41,259.84,247,125.10M,-3.92%
12/21/2023,254.5,251.9,254.8,248.55,109.59M,2.98%
12/22/2023,252.54,256.76,258.22,251.37,93.37M,-0.77%
12/26/2023,256.61,254.49,257.97,252.91,86.89M,1.61%
12/27/2023,261.44,258.35,263.34,257.52,106.49M,1.88%
12/28/2023,253.18,263.66,265.13,252.71,113.62M,-3.16%
12/29/2023,248.48,255.1,255.19,247.43,100.89M,-1.86%
01/02/2024,248.42,250.08,251.25,244.41,104.65M,-0.02%
01/03/2024,238.45,244.98,245.68,236.32,121.08M,-4.01%
01/04/2024,237.93,239.25,242.7,237.73,102.63M,-0.22%
01/05/2024,237.49,236.86,240.12,234.9,92.49M,-0.18%
01/08/2024,240.45,236.14,241.25,235.3,85.17M,1.25%
01/09/2024,234.96,238.11,238.96,232.04,96.71M,-2.28%
01/10/2024,233.94,235.1,235.5,231.29,91.63M,-0.43%
01/11/2024,227.22,230.57,230.93,225.37,105.87M,-2.87%
01/12/2024,218.89,220.08,225.34,217.15,123.04M,-3.67%
01/16/2024,219.91,215.1,223.49,212.18,115.36M,0.47%
01/17/2024,215.55,214.86,215.67,212.01,103.16M,-1.98%
01/18/2024,211.88,216.88,217.45,208.74,108.60M,-1.70%
01/19/2024,212.19,209.99,213.19,207.56,102.26M,0.15%
01/22/2024,208.8,212.26,217.8,206.27,117.95M,-1.60%
01/23/2024,209.14,211.3,215.65,207.75,106.61M,0.16%
01/24/2024,207.83,211.88,212.73,206.77,123.37M,-0.63%
01/25/2024,182.63,189.7,193,180.06,198.08M,-12.13%
01/26/2024,183.25,185.5,186.78,182.1,107.34M,0.34%
01/29/2024,190.93,185.63,191.48,183.67,125.01M,4.19%
01/30/2024,191.59,195.33,196.36,190.61,109.98M,0.35%
01/31/2024,187.29,186.99,193.97,185.85,103.22M,-2.24%
02/01/2024,188.86,188.5,189.88,184.28,91.84M,0.84%
02/02/2024,187.91,185.04,188.69,182,110.61M,-0.50%
02/05/2024,181.06,184.26,184.68,175.01,134.29M,-3.65%
02/06/2024,185.1,177.21,186.49,177.11,122.68M,2.23%
02/07/2024,187.58,188.18,189.79,182.68,111.54M,1.34%
02/08/2024,189.56,189,191.62,185.58,83.03M,1.06%
02/09/2024,193.57,190.18,194.12,189.48,84.48M,2.12%
02/12/2024,188.13,192.11,194.73,187.28,95.50M,-2.81%
02/13/2024,184.02,183.99,187.26,182.11,86.76M,-2.18%
02/14/2024,188.71,185.3,188.89,183.35,81.20M,2.55%
02/15/2024,200.45,189.16,200.88,188.86,120.83M,6.22%
02/16/2024,199.95,202.06,203.17,197.4,111.35M,-0.25%
02/20/2024,193.76,196.13,198.6,189.13,104.55M,-3.10%
02/21/2024,194.77,193.36,199.44,191.95,103.84M,0.52%
02/22/2024,197.41,194,198.32,191.36,92.74M,1.36%
02/23/2024,191.97,195.31,197.57,191.5,78.84M,-2.76%
02/26/2024,199.4,192.29,201.78,192,111.75M,3.87%
02/27/2024,199.73,204.04,205.6,198.26,108.65M,0.17%
02/28/2024,202.04,200.42,205.3,198.44,99.81M,1.16%
02/29/2024,201.88,204.18,205.28,198.45,85.91M,-0.08%
03/01/2024,202.64,200.52,204.52,198.5,82.24M,0.38%
03/04/2024,188.14,198.73,199.75,186.72,134.34M,-7.16%
03/05/2024,180.74,183.05,184.59,177.57,119.66M,-3.93%
03/06/2024,176.54,179.99,181.58,173.7,107.92M,-2.32%
03/07/2024,178.65,174.35,180.04,173.7,102.13M,1.20%
03/08/2024,175.34,181.5,182.73,174.7,85.55M,-1.85%
03/11/2024,177.77,175.45,182.87,174.8,85.39M,1.39%
03/12/2024,177.54,177.77,179.43,172.41,87.39M,-0.13%
03/13/2024,169.48,173.05,176.05,169.15,106.53M,-4.54%
03/14/2024,162.5,167.77,171.17,160.51,126.33M,-4.12%
03/15/2024,163.57,163.16,165.18,160.76,97.15M,0.66%
03/18/2024,173.8,170.02,174.72,165.9,108.21M,6.25%
03/19/2024,171.32,172.36,172.82,167.42,77.27M,-1.43%
03/20/2024,175.66,173,176.25,170.82,83.85M,2.53%
03/21/2024,172.82,176.39,178.18,171.8,73.18M,-1.62%
03/22/2024,170.83,166.69,171.2,166.3,75.58M,-1.15%
03/25/2024,172.63,168.76,175.24,168.73,74.23M,1.05%
03/26/2024,177.67,178.58,184.25,177.38,113.19M,2.92%
03/27/2024,179.83,181.41,181.91,176,81.80M,1.22%
03/28/2024,175.79,177.45,179.57,175.3,77.66M,-2.25%
04/01/2024,175.22,176.17,176.75,170.21,81.56M,-0.32%
04/02/2024,166.63,164.75,167.69,163.43,116.65M,-4.90%
04/03/2024,168.38,164.02,168.82,163.28,82.95M,1.05%
04/04/2024,171.11,170.07,177.19,168.01,123.16M,1.62%
04/05/2024,164.9,169.08,170.86,160.51,143.16M,-3.63%
04/08/2024,172.98,169.34,174.5,167.79,104.42M,4.90%
04/09/2024,176.88,172.91,179.22,171.92,103.23M,2.25%
04/10/2024,171.76,173.04,174.93,170.01,84.53M,-2.89%
04/11/2024,174.6,172.55,175.88,168.51,94.52M,1.65%
04/12/2024,171.05,172.34,173.81,170.36,64.72M,-2.03%
04/15/2024,161.48,170.24,170.69,161.38,100.25M,-5.59%
04/16/2024,157.11,156.74,158.19,153.75,97.00M,-2.71%
04/17/2024,155.45,157.64,158.33,153.78,82.44M,-1.06%
04/18/2024,149.93,151.25,152.2,148.7,96.10M,-3.55%
04/19/2024,147.05,148.97,150.94,146.22,87.08M,-1.92%
04/22/2024,142.05,140.56,144.44,138.8,107.10M,-3.40%
04/23/2024,144.68,143.33,147.26,141.11,124.55M,1.85%
04/24/2024,162.13,162.84,167.97,157.51,181.18M,12.06%
04/25/2024,170.18,158.96,170.88,158.36,126.43M,4.97%
04/26/2024,168.29,168.85,172.12,166.37,109.82M,-1.11%
04/29/2024,194.05,188.42,198.87,184.54,243.87M,15.31%
04/30/2024,183.28,186.98,190.95,182.84,127.03M,-5.55%
05/01/2024,179.99,182,185.86,179.01,92.83M,-1.80%
05/02/2024,180.01,182.86,184.6,176.02,89.15M,0.01%
05/03/2024,181.19,182.1,184.78,178.42,75.49M,0.66%
05/06/2024,184.76,183.8,187.56,182.2,84.39M,1.97%
05/07/2024,177.81,182.4,183.26,177.4,75.05M,-3.76%
05/08/2024,174.72,171.59,176.06,170.15,79.97M,-1.74%
05/09/2024,171.97,175.01,175.62,171.37,65.95M,-1.57%
05/10/2024,168.47,173.05,173.06,167.75,72.63M,-2.04%
05/13/2024,171.89,170,175.4,169,67.02M,2.03%
05/14/2024,177.55,174.5,179.49,174.07,86.41M,3.29%
05/15/2024,173.99,179.9,180,173.11,79.66M,-2.01%
05/16/2024,174.84,174.1,175.79,171.43,59.81M,0.49%
05/17/2024,177.46,173.55,179.63,172.75,77.45M,1.50%
05/20/2024,174.95,177.56,177.75,173.52,61.73M,-1.41%
05/21/2024,186.6,175.51,186.88,174.71,115.27M,6.66%
05/22/2024,180.11,182.85,183.8,178.12,88.31M,-3.48%
05/23/2024,173.74,181.8,181.9,173.26,71.98M,-3.54%
05/24/2024,179.24,174.84,180.08,173.73,65.58M,3.17%
05/28/2024,176.75,176.4,178.25,173.16,59.74M,-1.39%
05/29/2024,176.19,174.19,178.15,173.93,54.78M,-0.32%
05/30/2024,178.79,178.57,182.67,175.38,77.79M,1.48%
05/31/2024,178.08,178.5,180.32,173.82,67.32M,-0.40%
06/03/2024,176.29,178.13,182.64,174.49,68.57M,-1.01%
06/04/2024,174.77,174.77,177.76,174,60.06M,-0.86%
06/05/2024,175,175.35,176.15,172.13,57.95M,0.13%
06/06/2024,177.94,174.6,179.73,172.73,69.89M,1.68%
06/07/2024,177.48,176.13,179.35,175.58,56.25M,-0.26%
06/10/2024,173.79,176.06,178.57,173.17,50.87M,-2.08%
06/11/2024,170.66,173.92,174.75,167.41,64.76M,-1.80%
06/12/2024,177.29,171.12,180.55,169.8,90.39M,3.88%
06/13/2024,182.47,188.39,191.08,181.23,118.98M,2.92%
06/14/2024,178.01,185.8,186,176.92,82.04M,-2.44%
06/17/2024,187.44,177.92,188.81,177,109.79M,5.30%
06/18/2024,184.86,186.56,187.2,182.37,68.98M,-1.38%
06/20/2024,181.57,184.68,185.21,179.66,55.89M,-1.78%
06/21/2024,183.01,182.3,183.95,180.69,63.03M,0.79%
06/24/2024,182.58,184.97,188.8,182.55,61.99M,-0.23%
06/25/2024,187.35,184.4,187.97,182.01,63.68M,2.61%
06/26/2024,196.37,186.54,197.76,186.36,95.74M,4.81%
06/27/2024,197.42,195.17,198.72,194.05,72.75M,0.53%
06/28/2024,197.88,199.55,203.2,195.26,95.44M,0.23%
07/01/2024,209.86,201.02,213.23,200.85,135.69M,6.05%
07/02/2024,231.26,218.89,231.3,218.06,205.05M,10.20%
07/03/2024,246.39,234.56,248.35,234.25,166.56M,6.54%
07/05/2024,251.52,249.81,252.37,242.46,154.50M,2.08%
07/08/2024,252.94,247.71,259.44,244.57,157.22M,0.56%
07/09/2024,262.33,251,265.61,250.3,160.74M,3.71%
07/10/2024,263.26,262.8,267.59,257.86,128.52M,0.35%
07/11/2024,241.03,263.3,271,239.65,221.71M,-8.44%
07/12/2024,248.23,235.8,251.84,233.09,155.96M,2.99%
07/15/2024,252.64,255.97,265.6,251.73,146.91M,1.78%
07/16/2024,256.56,255.31,258.62,245.8,126.33M,1.55%
07/17/2024,248.5,252.73,258.47,246.18,115.59M,-3.14%
07/18/2024,249.23,251.09,257.14,247.2,110.87M,0.29%
07/19/2024,239.2,247.79,249.44,236.83,87.40M,-4.02%
07/22/2024,251.51,244.21,253.21,243.75,101.23M,5.15%
07/23/2024,246.38,253.6,255.76,245.63,111.93M,-2.04%
07/24/2024,215.99,225.42,225.99,214.71,167.94M,-12.33%
07/25/2024,220.25,216.8,226,216.23,100.64M,1.97%
07/26/2024,219.8,221.19,222.28,215.33,94.60M,-0.20%
07/29/2024,232.1,224.9,234.27,224.7,129.20M,5.60%
07/30/2024,222.62,232.25,232.41,220,100.56M,-4.08%
07/31/2024,232.07,227.9,234.68,226.79,67.50M,4.24%
08/01/2024,216.86,227.69,231.87,214.33,83.86M,-6.55%
08/02/2024,207.67,214.88,216.13,205.78,82.88M,-4.24%
08/05/2024,198.88,185.22,203.88,182,100.31M,-4.23%
08/06/2024,200.64,200.75,202.9,192.67,73.78M,0.88%
08/07/2024,191.76,200.77,203.49,191.48,71.16M,-4.43%
08/08/2024,198.84,195.7,200.7,192.04,65.03M,3.69%
08/09/2024,200,197.05,200.88,195.11,58.65M,0.58%
08/12/2024,197.49,199.02,199.26,194.67,64.05M,-1.25%
08/13/2024,207.83,198.47,208.49,197.06,76.25M,5.24%
08/14/2024,201.38,207.39,208.44,198.75,70.25M,-3.10%
08/15/2024,214.14,205.02,215.88,204.82,89.85M,6.34%
08/16/2024,216.12,211.15,219.8,210.8,88.77M,0.92%
08/19/2024,222.72,217.07,222.98,214.09,76.44M,3.05%
08/20/2024,221.1,224.88,228.22,219.56,74.00M,-0.73%
08/21/2024,223.27,222.67,224.66,218.86,70.15M,0.98%
08/22/2024,210.66,223.82,224.8,210.32,79.51M,-5.65%
08/23/2024,220.32,214.46,221.48,214.21,81.53M,4.59%
08/26/2024,213.21,218.75,219.09,211.01,59.30M,-3.23%
08/27/2024,209.21,213.25,215.66,206.94,62.82M,-1.88%
08/28/2024,205.75,209.72,211.84,202.59,64.12M,-1.65%
08/29/2024,206.28,209.8,214.89,205.97,62.31M,0.26%
08/30/2024,214.11,208.63,214.57,207.03,63.37M,3.80%
09/03/2024,210.6,215.26,219.9,209.64,76.71M,-1.64%
09/04/2024,219.41,210.59,222.22,210.57,80.65M,4.18%
09/05/2024,230.17,223.49,235,222.25,119.36M,4.90%
09/06/2024,210.73,232.6,233.6,210.51,112.18M,-8.45%
09/09/2024,216.27,216.2,219.87,213.67,67.44M,2.63%
09/10/2024,226.17,220.07,226.4,218.64,78.89M,4.58%
09/11/2024,228.13,224.55,228.47,216.8,83.55M,0.87%
09/12/2024,229.81,224.66,231.45,223.83,72.02M,0.74%
09/13/2024,230.29,228,232.67,226.32,59.52M,0.21%
09/16/2024,226.78,229.3,229.96,223.53,54.32M,-1.52%
09/17/2024,227.87,229.45,234.57,226.55,66.76M,0.48%
09/18/2024,227.2,230.09,235.68,226.88,78.01M,-0.29%
09/19/2024,243.92,234,244.24,232.13,102.70M,7.36%
09/20/2024,238.25,241.52,243.99,235.92,99.88M,-2.32%
09/23/2024,250,242.61,250,241.92,86.93M,4.93%
09/24/2024,254.27,254.08,257.19,249.05,88.49M,1.71%
09/25/2024,257.02,252.54,257.05,252.28,65.03M,1.08%
09/26/2024,254.22,260.6,261.75,251.53,67.14M,-1.09%
09/27/2024,260.46,257.38,260.7,254.12,70.99M,2.45%
09/30/2024,261.63,259.04,264.86,255.77,80.87M,0.45%
10/01/2024,258.02,262.67,263.98,248.53,87.40M,-1.38%
10/02/2024,249.02,247.55,251.16,241.5,93.98M,-3.49%
10/03/2024,240.66,244.48,249.79,237.81,80.73M,-3.36%
10/04/2024,250.08,246.69,250.96,244.58,86.73M,3.91%
10/07/2024,240.83,249,249.83,240.7,68.11M,-3.70%
10/08/2024,244.5,243.56,246.21,240.56,56.30M,1.52%
10/09/2024,241.05,243.82,247.43,239.51,66.29M,-1.41%
10/10/2024,238.77,241.81,242.79,232.34,83.09M,-0.95%
10/11/2024,217.8,220.13,223.34,214.38,142.63M,-8.78%
10/14/2024,219.16,220.13,221.91,213.74,86.29M,0.62%
10/15/2024,219.57,220.01,224.26,217.12,62.99M,0.19%
10/16/2024,221.33,221.4,222.82,218.93,49.63M,0.80%
10/17/2024,220.89,221.59,222.08,217.9,50.79M,-0.20%
10/18/2024,220.7,220.71,222.28,219.23,49.61M,-0.09%
10/21/2024,218.85,218.9,220.48,215.73,47.33M,-0.84%
10/22/2024,217.97,217.31,218.22,215.26,43.27M,-0.40%
10/23/2024,213.65,217.13,218.72,212.11,80.94M,-1.98%
10/24/2024,260.48,244.68,262.12,242.65,204.49M,21.92%
10/25/2024,269.19,256.01,269.49,255.32,161.61M,3.34%
10/28/2024,262.51,270,273.54,262.24,107.65M,-2.48%
10/29/2024,259.52,264.51,264.98,255.51,80.52M,-1.14%
10/30/2024,257.55,258.04,263.35,255.82,53.99M,-0.76%
10/31/2024,249.85,257.99,259.75,249.25,66.58M,-2.99%
11/01/2024,248.98,252.04,254,246.63,57.55M,-0.35%
11/04/2024,242.84,244.56,248.9,238.88,68.80M,-2.47%
11/05/2024,251.44,247.34,255.28,246.21,69.28M,3.54%
11/06/2024,288.53,284.67,289.59,275.62,165.23M,14.75%
11/07/2024,296.91,288.89,299.75,285.52,117.31M,2.90%
11/08/2024,321.22,299.14,328.71,297.66,204.78M,8.19%
11/11/2024,350,346.3,358.64,336,210.52M,8.96%
11/12/2024,328.49,342.74,345.84,323.31,155.73M,-6.15%
11/13/2024,330.24,335.85,344.6,322.5,125.41M,0.53%
11/14/2024,311.18,327.69,329.98,310.37,120.73M,-5.77%
11/15/2024,320.72,310.57,324.68,309.22,114.44M,3.07%
11/18/2024,338.74,340.73,348.55,330.01,126.55M,5.62%
11/19/2024,346,335.76,347.38,332.75,88.85M,2.14%
11/20/2024,342.03,345,346.6,334.3,66.34M,-1.15%
11/21/2024,339.64,343.81,347.99,335.28,58.01M,-0.70%
11/22/2024,352.56,341.08,361.53,337.7,89.14M,3.80%
11/25/2024,338.59,360.14,361.93,338.2,95.89M,-3.96%
11/26/2024,338.23,341,346.96,335.66,62.30M,-0.11%
11/27/2024,332.89,341.8,342.55,326.59,57.90M,-1.58%
11/29/2024,345.16,336.08,345.45,334.65,37.17M,3.69%
12/02/2024,357.09,352.38,360,351.15,77.99M,3.46%
12/03/2024,351.42,351.8,355.69,348.2,58.27M,-1.59%
12/04/2024,357.93,353,358.1,348.6,50.81M,1.85%
12/05/2024,369.49,359.87,375.43,359.5,81.40M,3.23%
12/06/2024,389.22,377.42,389.49,370.8,81.46M,5.34%
12/09/2024,389.79,397.61,404.8,378.01,96.36M,0.15%
12/10/2024,400.99,392.68,409.73,390.85,97.56M,2.87%
12/11/2024,424.77,409.7,424.88,402.38,104.29M,5.93%
12/12/2024,418.1,424.84,429.3,415,87.75M,-1.57%
12/13/2024,436.23,420,436.3,415.71,89.00M,4.34%
12/16/2024,463.02,441.09,463.19,436.15,114.08M,6.14%
12/17/2024,479.86,475.9,483.99,457.51,131.22M,3.64%
12/18/2024,440.13,466.49,488.54,427.01,149.34M,-8.28%
12/19/2024,436.17,451.88,456.36,420.02,118.57M,-0.90%
12/20/2024,421.06,425.51,447.08,417.64,132.22M,-3.46%
12/23/2024,430.6,431,434.51,415.41,72.70M,2.27%
12/24/2024,462.28,435.9,462.78,435.14,59.55M,7.36%
12/26/2024,454.13,465.16,465.33,451.02,76.65M,-1.76%
12/27/2024,431.66,449.52,450,426.5,82.67M,-4.95%
12/30/2024,417.41,419.4,427,415.75,64.94M,-3.30%
12/31/2024,403.84,423.79,427.93,402.54,76.83M,-3.25%
01/02/2025,379.28,390.1,392.73,373.04,109.71M,-6.08%
01/03/2025,410.44,381.48,411.88,379.45,95.42M,8.22%
01/06/2025,411.05,423.2,426.43,401.7,85.52M,0.15%
01/07/2025,394.36,405.83,414.33,390,75.70M,-4.06%
01/08/2025,394.94,392.95,402.5,387.4,73.04M,0.15%
01/10/2025,394.74,391.4,399.28,377.29,62.29M,-0.05%
01/13/2025,403.31,383.21,403.79,380.07,67.58M,2.17%
01/14/2025,396.36,414.34,422.64,394.54,84.57M,-1.72%
01/15/2025,428.22,409.9,429.8,405.66,81.38M,8.04%
01/16/2025,413.82,423.49,424,409.13,68.34M,-3.36%
01/17/2025,426.5,421.5,439.74,419.75,94.99M,3.06%
01/21/2025,424.07,432.64,433.2,406.31,87.32M,-0.57%
01/22/2025,415.11,416.81,428,414.59,60.96M,-2.11%
01/23/2025,412.38,416.06,420.73,408.95,50.69M,-0.66%
01/24/2025,406.58,414.45,418.88,405.78,56.43M,-1.41%
01/27/2025,397.15,394.8,406.69,389,58.13M,-2.32%
01/28/2025,398.09,396.91,400.59,386.5,48.91M,0.24%
01/29/2025,389.1,395.21,398.59,384.48,68.03M,-2.26%
01/30/2025,400.28,410.78,412.5,384.41,98.09M,2.87%
01/31/2025,404.6,401.53,419.99,401.34,83.57M,1.08%
02/03/2025,383.68,386.68,389.17,374.36,93.73M,-5.17%
02/04/2025,392.21,382.63,394,381.4,57.07M,2.22%
02/05/2025,378.17,387.51,388.39,375.53,57.61M,-3.58%
02/06/2025,374.32,373.03,375.4,363.18,77.92M,-1.02%
02/07/2025,361.62,370.19,380.55,360.34,70.30M,-3.39%
02/10/2025,350.73,356.21,362.7,350.51,77.51M,-3.01%
02/11/2025,328.5,345.8,349.37,325.1,118.54M,-6.34%
02/12/2025,336.51,329.94,346.4,329.12,105.38M,2.44%
02/13/2025,355.94,345,358.69,342.85,89.44M,5.77%
02/14/2025,355.84,360.62,362,347.5,68.28M,-0.03%
02/18/2025,354.11,355.01,359.1,350.02,51.63M,-0.49%
02/19/2025,360.56,354,367.34,353.67,67.09M,1.82%
02/20/2025,354.4,361.51,362.3,348,45.97M,-1.71%
02/21/2025,337.8,353.44,354.98,334.42,74.06M,-4.68%
02/24/2025,330.53,338.14,342.4,324.7,76.05M,-2.15%
02/25/2025,302.8,327.02,328.89,297.25,134.23M,-8.39%
02/26/2025,290.8,303.71,309,288.04,100.12M,-3.96%
02/27/2025,281.95,291.16,297.23,280.88,101.75M,-3.04%
02/28/2025,292.98,279.5,293.88,273.6,115.70M,3.91%
03/03/2025,284.65,300.34,303.94,277.3,115.55M,-2.84%
03/04/2025,272.04,270.93,284.35,261.84,126.71M,-4.43%
03/05/2025,279.1,272.92,279.55,267.71,94.04M,2.60%
03/06/2025,263.45,272.06,272.65,260.02,98.45M,-5.61%
03/07/2025,262.67,259.32,266.25,250.73,102.37M,-0.30%
03/10/2025,222.15,252.54,253.37,220,189.08M,-15.43%
03/11/2025,230.58,225.3,237.06,217.02,174.90M,3.79%
03/12/2025,248.09,247.22,251.84,241.1,142.22M,7.59%
03/13/2025,240.68,248.13,248.29,232.6,114.81M,-2.99%
03/14/2025,249.98,247.31,251.58,240.73,100.24M,3.86%
03/17/2025,238.01,245.05,245.4,232.8,111.90M,-4.79%
03/18/2025,225.31,228.15,230.1,222.28,111.48M,-5.34%
03/19/2025,235.86,231.61,241.41,229.2,111.99M,4.68%
03/20/2025,236.26,233.35,238,230.05,99.03M,0.17%
03/21/2025,248.71,234.99,249.52,234.55,132.73M,5.27%
03/24/2025,278.39,258.08,278.64,256.33,169.08M,11.93%
03/25/2025,288.14,283.6,288.2,271.28,150.36M,3.50%
03/26/2025,272.06,282.66,284.9,266.51,156.25M,-5.58%
03/27/2025,273.13,272.48,291.85,271.82,162.57M,0.39%
03/28/2025,263.55,275.58,276.1,260.57,123.81M,-3.51%
03/31/2025,259.16,249.31,260.56,243.36,134.01M,-1.67%
04/01/2025,268.46,263.8,277.45,259.25,146.49M,3.59%
04/02/2025,282.76,254.6,284.99,251.27,212.79M,5.33%
04/03/2025,267.28,265.29,276.3,261.51,136.17M,-5.47%
04/04/2025,239.43,255.38,261,236,181.23M,-10.42%
04/07/2025,233.29,223.78,252,214.25,183.45M,-2.56%
04/08/2025,221.86,245,250.44,217.8,171.60M,-4.90%
04/09/2025,272.2,224.69,274.69,223.88,219.43M,22.69%
04/10/2025,252.4,260,262.49,239.33,181.72M,-7.27%
04/11/2025,252.31,251.84,257.74,241.36,128.95M,-0.04%
04/14/2025,252.35,258.36,261.8,245.93,100.14M,0.02%
04/15/2025,254.11,249.91,258.75,247.54,79.59M,0.70%
04/16/2025,241.55,247.61,251.97,233.89,112.38M,-4.94%
04/17/2025,241.37,243.47,244.34,237.68,83.40M,-0.07%
04/21/2025,227.5,230.26,232.21,222.79,97.77M,-5.75%
04/22/2025,237.97,230.96,242.79,229.85,120.86M,4.60%
04/23/2025,250.74,254.86,259.45,244.43,150.38M,5.37%
04/24/2025,259.51,250.5,259.54,249.2,94.46M,3.50%
04/25/2025,284.95,261.69,286.85,259.63,167.56M,9.80%
04/28/2025,285.88,288.98,294.86,272.42,151.73M,0.33%
04/29/2025,292.03,285.5,293.32,279.47,108.91M,2.15%
04/30/2025,282.16,279.9,284.45,270.78,128.96M,-3.38%
05/01/2025,280.52,280.01,290.87,279.81,99.66M,-0.58%
05/02/2025,287.21,284.9,294.78,279.81,114.45M,2.38%
05/05/2025,280.26,284.57,284.85,274.4,94.62M,-2.42%
05/06/2025,275.35,273.11,277.73,271.35,76.72M,-1.75%
05/07/2025,276.22,276.88,277.92,271,71.88M,0.32%
05/08/2025,284.82,279.63,289.8,279.41,97.54M,3.11%
05/09/2025,298.26,290.21,307.04,290,132.39M,4.72%
05/12/2025,318.38,321.99,322.21,311.5,112.83M,6.75%
05/13/2025,334.07,320,337.59,316.8,136.99M,4.93%
05/14/2025,347.68,342.5,350,337,137.00M,4.07%
05/15/2025,342.82,340.34,346.14,334.72,97.88M,-1.40%
05/16/2025,349.98,346.24,351.62,342.33,95.90M,2.09%
05/19/2025,342.09,336.3,343,333.37,88.87M,-2.25%
05/20/2025,343.82,347.87,354.99,341.63,131.72M,0.51%
05/21/2025,334.62,344.43,347.35,332.2,102.35M,-2.68%
05/22/2025,341.04,331.9,347.27,331.39,97.11M,1.92%
05/23/2025,339.34,337.92,343.18,333.21,84.65M,-0.50%
05/27/2025,362.89,347.35,363.79,347.32,120.15M,6.94%
05/28/2025,356.9,364.84,365,355.91,91.40M,-1.65%
05/29/2025,358.43,365.29,367.71,356,88.55M,0.43%
05/30/2025,346.46,355.52,363.68,345.29,123.47M,-3.34%
06/02/2025,342.69,343.5,348.02,333.33,81.87M,-1.09%
06/03/2025,344.27,346.6,355.4,343.04,99.32M,0.46%
06/04/2025,332.05,345.1,345.6,327.33,98.91M,-3.55%
06/05/2025,284.7,322.49,324.55,273.21,292.82M,-14.26%
06/06/2025,295.14,298.83,305.5,291.14,164.75M,3.67%
06/09/2025,308.58,285.95,309.83,281.85,140.91M,4.55%
06/10/2025,326.09,314.94,327.83,310.67,151.26M,5.67%
06/11/2025,326.43,334.39,335.5,322.5,122.61M,0.10%
06/12/2025,319.11,323.08,332.56,316.86,105.13M,-2.24%
06/13/2025,325.31,313.97,332.99,313.3,128.96M,1.94%
06/16/2025,329.13,331.29,332.05,326.41,83.93M,1.17%
06/17/2025,316.35,326.09,327.26,314.74,88.28M,-3.88%
06/18/2025,322.05,317.31,329.32,315.45,95.14M,1.80%
06/20/2025,322.16,327.95,332.36,317.78,108.69M,0.03%
06/23/2025,348.68,327.54,357.54,327.48,190.72M,8.23%
06/24/2025,340.47,356.17,356.26,340.44,114.74M,-2.35%
06/25/2025,327.55,342.7,343,320.4,119.85M,-3.79%
06/26/2025,325.78,324.61,331.05,323.61,80.44M,-0.54%
06/27/2025,323.63,324.51,329.34,317.49,89.07M,-0.66%
06/30/2025,317.66,319.9,325.58,316.6,76.70M,-1.84%
07/01/2025,300.71,298.46,305.89,293.21,145.09M,-5.34%
07/02/2025,315.65,312.63,316.83,303.82,119.48M,4.97%
07/03/2025,315.35,317.99,318.45,312.76,58.04M,-0.10%
07/07/2025,293.94,291.37,296.15,288.77,131.18M,-6.79%
07/08/2025,297.81,297,304.05,294.35,103.25M,1.32%
07/09/2025,295.88,297.55,300.15,293.55,75.59M,-0.65%
07/10/2025,309.87,300.05,310.48,300,104.37M,4.73%
07/11/2025,313.51,307.89,314.09,305.65,79.24M,1.17%
07/14/2025,316.9,317.73,322.6,312.67,78.04M,1.08%
07/15/2025,310.78,319.67,321.2,310.5,77.56M,-1.93%
07/16/2025,321.67,312.8,323.5,312.62,97.28M,3.50%
07/17/2025,319.41,323.15,324.34,317.06,73.92M,-0.70%
07/18/2025,329.65,321.66,330.9,321.42,94.25M,3.21%
07/21/2025,328.49,334.4,338,326.88,75.77M,-0.35%
07/22/2025,332.11,329.74,335.41,321.55,77.37M,1.10%
07/23/2025,332.56,330.9,336.2,328.67,92.55M,0.14%
07/24/2025,305.3,310,310.15,300.41,156.97M,-8.20%
07/25/2025,316.06,308.74,323.63,308.01,148.23M,3.52%
07/28/2025,325.59,318.45,330.49,315.69,112.67M,3.02%
07/29/2025,321.2,325.55,326.25,318.25,87.36M,-1.35%
07/30/2025,319.04,322.18,324.45,311.62,83.93M,-0.67%
07/31/2025,308.27,319.61,321.37,306.1,85.27M,-3.38%
08/01/2025,302.63,306.2,309.31,297.82,89.12M,-1.83%
08/04/2025,309.26,309.08,312.12,303,78.68M,2.19%
08/05/2025,308.72,308.95,312.45,305.5,57.96M,-0.17%
08/06/2025,319.91,307.89,320.47,306.93,78.52M,3.62%
08/07/2025,322.27,319.79,322.4,316.16,66.66M,0.74%
08/08/2025,329.65,321.43,335.15,320.98,91.20M,2.29%
08/11/2025,339.03,335,346.64,334.15,105.32M,2.85%
08/12/2025,340.84,345,345.26,332.94,80.69M,0.53%
08/13/2025,339.38,341.5,348.98,338.2,67.84M,-0.43%
08/14/2025,335.58,335.76,340.47,330.4,75.00M,-1.12%
08/15/2025,330.56,337.65,339.3,327.02,74.32M,-1.50%
08/18/2025,335.16,329.62,336.27,329.59,56.96M,1.39%
08/19/2025,329.31,335.79,340.55,327.85,75.96M,-1.75%
08/20/2025,323.9,329.22,331.37,314.6,77.48M,-1.64%
08/21/2025,320.11,322.08,324.9,318.68,55.74M,-1.17%
08/22/2025,340.01,321.66,340.25,319.69,94.02M,6.22%
08/25/2025,346.6,338.9,349.53,335.03,86.67M,1.94%
08/26/2025,351.67,344.93,351.9,343.72,76.65M,1.46%
08/27/2025,349.6,351.94,355.39,349.16,65.52M,-0.59%
08/28/2025,345.98,350.91,353.55,340.26,67.90M,-1.04%
08/29/2025,333.87,347.23,348.75,331.7,81.15M,-3.50%
09/02/2025,329.36,328.23,333.33,325.6,58.39M,-1.35%
09/03/2025,334.09,335.2,343.33,328.51,88.73M,1.44%
09/04/2025,338.53,336.15,338.89,331.48,60.71M,1.33%
09/05/2025,350.84,348,355.87,344.68,108.99M,3.64%
09/08/2025,346.4,354.64,358.44,344.84,75.21M,-1.27%
09/09/2025,346.97,348.44,350.77,343.82,53.82M,0.16%
09/10/2025,347.79,350.55,356.33,346.07,72.12M,0.24%
09/11/2025,368.81,350.17,368.99,347.6,103.76M,6.04%
09/12/2025,395.94,370.94,396.69,370.24,168.16M,7.36%
09/15/2025,410.04,423.13,425.7,402.43,163.82M,3.56%
09/16/2025,421.62,414.49,423.25,411.43,104.29M,2.82%
09/17/2025,425.86,415.75,428.31,409.67,106.13M,1.01%
09/18/2025,416.85,428.86,432.22,416.56,90.45M,-2.12%
09/19/2025,426.07,421.82,429.47,421.72,93.13M,2.21%
09/22/2025,434.21,431.11,444.98,429.13,97.11M,1.91%
09/23/2025,425.85,439.88,440.97,423.72,83.42M,-1.93%
09/24/2025,442.79,429.83,444.21,429.03,93.13M,3.98%
09/25/2025,423.39,435.24,435.35,419.08,96.75M,-4.38%
09/26/2025,440.4,428.3,440.47,421.02,101.63M,4.02%
09/29/2025,443.21,444.35,450.98,439.5,79.49M,0.64%
09/30/2025,444.72,441.52,445,433.12,74.36M,0.34%
10/01/2025,459.46,443.8,462.29,440.75,98.12M,3.31%
10/02/2025,436,470.54,470.75,435.57,137.01M,-5.11%
10/03/2025,429.83,443.29,446.77,416.58,133.19M,-1.42%
10/06/2025,453.25,440.75,453.55,436.69,85.32M,5.45%
10/07/2025,433.09,447.82,452.68,432.45,102.30M,-4.45%
10/08/2025,438.69,437.57,441.33,425.23,71.19M,1.29%
10/09/2025,435.54,431.81,436.35,426.18,69.34M,-0.72%
10/10/2025,413.49,436.54,443.13,411.45,112.11M,-5.06%
10/13/2025,435.9,423.53,436.89,419.7,79.55M,5.42%
10/14/2025,429.24,426.79,434.2,417.86,72.67M,-1.53%
10/15/2025,435.15,434.9,440.51,426.33,71.56M,1.38%
10/16/2025,428.75,434.73,439.35,421.31,77.19M,-1.47%
10/17/2025,439.31,425.5,441.46,423.6,89.33M,2.46%
10/20/2025,447.43,443.86,449.8,440.61,63.72M,1.85%
10/21/2025,442.6,445.76,449.3,442.05,54.41M,-1.08%
10/22/2025,438.97,443.45,445.54,429,84.02M,-0.82%
10/23/2025,448.98,420,449.4,413.9,126.71M,2.28%
10/24/2025,433.72,446.83,451.68,430.17,94.73M,-3.40%
10/27/2025,452.42,439.98,460.16,438.69,105.87M,4.31%
10/28/2025,460.55,454.77,467,451.6,80.19M,1.80%
10/29/2025,461.51,462.5,465.7,452.65,67.98M,0.21%
10/30/2025,440.1,451.05,455.06,439.61,72.45M,-4.64%
10/31/2025,456.56,446.75,458,443.69,83.14M,3.74%
11/03/2025,468.37,455.99,474.07,453.8,84.60M,2.59%
11/04/2025,444.26,454.46,460.22,443.6,87.76M,-5.15%
11/05/2025,462.07,452.05,466.33,440.71,85.57M,4.01%
11/06/2025,445.91,461.96,467.45,435.09,109.62M,-3.50%
11/07/2025,429.52,437.92,439.36,421.88,103.47M,-3.68%
11/10/2025,445.23,439.6,449.67,433.36,76.52M,3.66%
11/11/2025,439.62,439.4,442.49,432.36,60.53M,-1.26%
11/12/2025,430.6,442.15,442.33,426.56,58.51M,-2.05%
11/13/2025,401.99,423.13,424.5,396.34,118.95M,-6.64%
11/14/2025,404.35,386.3,412.19,382.78,105.51M,0.59%
